"","lowerBound","upperBound","middle","corArray"
"1",-0.0205542953710156,0.335892382684371,0.157669043656677,0
"2",-0.0802285200589643,0.321196272647213,0.120483876294124,0.389824765659598
