"","lowerBound","upperBound","middle","corArray"
"1",-0.142677943852839,0.650643920760278,0.25398298845372,0
"2",-0.20120607593995,0.69537667019531,0.24708529712768,0.389824765659598
