"","lowerBound","upperBound","middle","corArray"
"1",0.0751023686172117,0.379501715926128,0.22730204227167,0
"2",0.0505415772987599,0.395057072701649,0.222799325000204,0.389824765659598
