"","lowerBound","upperBound","middle","corArray"
"1",0.308986010407254,0.734448031983066,0.52171702119516,0
"2",0.283841944748578,0.734823805075074,0.509332874911826,0.389824765659598
