"","lowerBound","upperBound","middle","corArray"
"1",0.450318943281435,0.497027328400244,0.473673135840839,0
"2",0.422159344983174,0.499572040567026,0.4608656927751,0.389824765659598
