"","lowerBound","upperBound","middle","corArray"
"1",-0.121388036116857,0.30148386246898,0.0900479131760617,0
"2",-0.118067345915741,0.287200753962146,0.0845667040232026,0.389824765659598
