"","lowerBound","upperBound","middle","corArray"
"1",0.629406382077851,0.793538632084736,0.711472507081294,0
"2",0.586239242021512,0.784166028628989,0.685202635325251,0.389824765659598
