"","lowerBound","upperBound","middle","corArray"
"1",-0.0176666638653499,0.720501440205891,0.351417388170271,0
"2",-0.113487882037695,0.741428049742495,0.3139700838524,0.389824765659598
