"","lowerBound","upperBound","middle","corArray"
"1",-0.626580880923395,1.32180649614525,0.347612807610926,0
"2",-0.762128783854263,1.3185095595437,0.278190387844717,0.389824765659598
