"","lowerBound","upperBound","middle","corArray"
"1",0.334112901664996,0.543053811156403,0.438583356410699,0
"2",0.303118947959897,0.525900783818634,0.414509865889265,0.389824765659598
