"","lowerBound","upperBound","middle","corArray"
"1",-0.0250225018710321,0.556207682033081,0.265592590081024,0
"2",4.70126233811374e-05,0.606684880929787,0.303365946776584,0.389824765659598
