"","lowerBound","upperBound","middle","corArray"
"1",-0.0849721114096343,0.342033250981279,0.128530569785822,0
"2",-0.067366669873505,0.3471504390647,0.139891884595597,0.389824765659598
