"","lowerBound","upperBound","middle","corArray"
"1",0.625961908101614,0.715885240672615,0.670923574387114,0
"2",0.526914755013294,0.693844620294656,0.610379687653975,0.389824765659598
